model,mean_cer,mean_rtf,mean_wer,median_cer,median_rtf,median_wer,std_cer,std_rtf,std_wer
Whisper (domain + prompt),0.11518892760356174,0.1923741890809443,0.06666666666666667,0.125,0.1939301793689733,0.0,0.030559126845936223,0.029418843473740394,0.14907119849998596
Whisper (domain),0.1857255129694154,0.1930655853605583,0.2866666666666667,0.1388888888888889,0.1953516209465321,0.0,0.14329571401700067,0.029364819117496634,0.40110957217310195
